<?xml version="1.0" encoding="utf-8"?><!DOCTYPE Pip3C3InvoiceNotification SYSTEM "3C3_MS_V01_01_InvoiceNotification.dtd"><Pip3C3InvoiceNotification>
      
   <fromRole>
         
      <PartnerRoleDescription>
            
         <ContactInformation>
               
            <contactName>
                  
               <FreeFormText>Not Used</FreeFormText>
               
            </contactName>
               
            <EmailAddress>Not Used</EmailAddress>
               
            <telephoneNumber>
                  
               <CommunicationsNumber>86-769-2810033-2939</CommunicationsNumber>
               
            </telephoneNumber>
            
         </ContactInformation>
            
         <GlobalPartnerRoleClassificationCode>Invoice Provider</GlobalPartnerRoleClassificationCode>
            
         <PartnerDescription>
               
            <BusinessDescription>
                  
               <GlobalBusinessIdentifier>987654321</GlobalBusinessIdentifier>
                  
               <GlobalSupplyChainCode>Electronic Components</GlobalSupplyChainCode>
               
            </BusinessDescription>
               
            <GlobalPartnerClassificationCode>Manufacturer</GlobalPartnerClassificationCode>
            
         </PartnerDescription>
         
      </PartnerRoleDescription>
      
   </fromRole>
      
   <Invoice>
         
      <billFrom>
            
         <PartnerTaxDescription>
               
            <BusinessDescription>
                  
               <businessName>
                     
                  <FreeFormText>SAE Magnetics (H.K.) Ltd</FreeFormText>
                  
               </businessName>
                  
               <NationalBusinessTaxIdentifier>
                     
                  <BusinessTaxIdentifier>Not Used</BusinessTaxIdentifier>
                     
                  <GlobalCountryCode>HK</GlobalCountryCode>
                  
               </NationalBusinessTaxIdentifier>
               
            </BusinessDescription>
               
            <GlobalPartnerClassificationCode>Manufacturer</GlobalPartnerClassificationCode>
               
            <PhysicalLocation>
                  
               <PhysicalAddress>
                     
                  <addressLine1>
                        
                     <FreeFormText>SAE Technology Centre,</FreeFormText>
                     
                  </addressLine1>
                     
                  <addressLine2>
                        
                     <FreeFormText>6 Science Park East Avenue,</FreeFormText>
                     
                  </addressLine2>
                     
                  <addressLine3>
                        
                     <FreeFormText>Hong Kong Science Park,Shatin, N.T.,</FreeFormText>
                     
                  </addressLine3>
                     
                  <cityName>
                        
                     <FreeFormText>Hong Kong</FreeFormText>
                     
                  </cityName>
                     
                  <GlobalCountryCode>HK</GlobalCountryCode>
                     
                  <NationalPostalCode/>
                     
                  <postOfficeBoxIdentifier>
                        
                     <FreeFormText/>
                     
                  </postOfficeBoxIdentifier>
                     
                  <regionName>
                        
                     <FreeFormText/>
                     
                  </regionName>
                  
               </PhysicalAddress>
               
            </PhysicalLocation>
            
         </PartnerTaxDescription>
         
      </billFrom>
         
      <billTo>
            
         <PartnerTaxDescription>
               
            <BusinessDescription>
                  
               <businessName>
                     
                  <FreeFormText>Maxtor Peripherals (S) Pte Ltd</FreeFormText>
                  
               </businessName>
               
            </BusinessDescription>
               
            <GlobalPartnerClassificationCode>Manufacturer</GlobalPartnerClassificationCode>
               
            <PhysicalLocation>
                  
               <PhysicalAddress>
                     
                  <addressLine1>
                        
                     <FreeFormText>190  Yishun Avenue 7 Singapore</FreeFormText>
                     
                  </addressLine1>
                     
                  <addressLine2>
                        
                     <FreeFormText/>
                     
                  </addressLine2>
                     
                  <addressLine3>
                        
                     <FreeFormText/>
                     
                  </addressLine3>
                     
                  <cityName>
                        
                     <FreeFormText>Singapore</FreeFormText>
                     
                  </cityName>
                     
                  <GlobalCountryCode>SG</GlobalCountryCode>
                     
                  <NationalPostalCode>768925</NationalPostalCode>
                     
                  <postOfficeBoxIdentifier>
                        
                     <FreeFormText/>
                     
                  </postOfficeBoxIdentifier>
                     
                  <regionName>
                        
                     <FreeFormText/>
                     
                  </regionName>
                  
               </PhysicalAddress>
               
            </PhysicalLocation>
            
         </PartnerTaxDescription>
         
      </billTo>
         
      <GlobalDocumentTypeCode>Invoice</GlobalDocumentTypeCode>
         
      <GlobalPaymentTermsCode>60 days</GlobalPaymentTermsCode>
         
      <InvoiceLineItem>
            
         <LineNumber>20</LineNumber>
            
         <OrderStatus>
               
            <primaryIdentifier>
                  
               <ProprietaryShipmentTrackingIdentifier>0022097340008195</ProprietaryShipmentTrackingIdentifier>
               
            </primaryIdentifier>
               
            <PurchaseOrder>
                  
               <GlobalShipmentTermsCode>DDU</GlobalShipmentTermsCode>
                  
               <ProductLineItem>
                     
                  <GlobalProductUnitOfMeasureCode>EA</GlobalProductUnitOfMeasureCode>
                     
                  <LineNumber>20</LineNumber>
                     
                  <ProductDescription>
                        
                     <ProductIdentification>
                           
                        <PartnerProductIdentification>
                              
                           <GlobalPartnerClassificationCode>Manufacturer</GlobalPartnerClassificationCode>
                              
                           <ProprietaryProductIdentifier>017108001</ProprietaryProductIdentifier>
                              
                           <revisionIdentifier>
                                 
                              <FreeFormText>SABRE ROHS TI 5X UP HSA</FreeFormText>
                              
                           </revisionIdentifier>
                           
                        </PartnerProductIdentification>
                        
                     </ProductIdentification>
                     
                  </ProductDescription>
                     
                  <ProductQuantity>1276.00</ProductQuantity>
                     
                  <shipDate>
                        
                     <DateStamp>20050707Z</DateStamp>
                     
                  </shipDate>
                     
                  <shipFrom>
                        
                     <PartnerTaxDescription>
                           
                        <BusinessDescription>
                              
                           <businessName>
                                 
                              <FreeFormText>Bax Global Pte Ltd</FreeFormText>
                              
                           </businessName>
                           
                        </BusinessDescription>
                           
                        <GlobalPartnerClassificationCode>Manufacturer</GlobalPartnerClassificationCode>
                           
                        <PhysicalLocation>
                              
                           <PhysicalAddress>
                                 
                              <addressLine1>
                                    
                                 <FreeFormText>KLW Building</FreeFormText>
                                 
                              </addressLine1>
                                 
                              <addressLine2>
                                    
                                 <FreeFormText>No.19 Senoko Loop</FreeFormText>
                                 
                              </addressLine2>
                                 
                              <addressLine3>
                                    
                                 <FreeFormText/>
                                 
                              </addressLine3>
                                 
                              <cityName>
                                    
                                 <FreeFormText>Singapore</FreeFormText>
                                 
                              </cityName>
                                 
                              <GlobalCountryCode>SG</GlobalCountryCode>
                                 
                              <NationalPostalCode>758168</NationalPostalCode>
                                 
                              <postOfficeBoxIdentifier>
                                    
                                 <FreeFormText/>
                                 
                              </postOfficeBoxIdentifier>
                                 
                              <regionName>
                                    
                                 <FreeFormText/>
                                 
                              </regionName>
                              
                           </PhysicalAddress>
                           
                        </PhysicalLocation>
                        
                     </PartnerTaxDescription>
                     
                  </shipFrom>
                     
                  <TaxSummary>
                        
                     <CityTax>
                           
                        <cityName>
                              
                           <FreeFormText>Singapore</FreeFormText>
                           
                        </cityName>
                           
                        <FinancialAmount>
                              
                           <GlobalCurrencyCode>USD</GlobalCurrencyCode>
                              
                           <MonetaryAmount>0.00</MonetaryAmount>
                           
                        </FinancialAmount>
                           
                        <taxRate>
                              
                           <PercentAmount>0</PercentAmount>
                           
                        </taxRate>
                        
                     </CityTax>
                        
                     <NationalTax>
                           
                        <FinancialAmount>
                              
                           <GlobalCurrencyCode>SGD</GlobalCurrencyCode>
                              
                           <MonetaryAmount/>
                           
                        </FinancialAmount>
                           
                        <NationalBusinessTaxIdentifier>
                              
                           <BusinessTaxIdentifier/>
                              
                           <GlobalCountryCode>SG</GlobalCountryCode>
                           
                        </NationalBusinessTaxIdentifier>
                           
                        <taxRate>
                              
                           <PercentAmount/>
                           
                        </taxRate>
                        
                     </NationalTax>
                        
                     <RegionalTax>
                           
                        <FinancialAmount>
                              
                           <GlobalCurrencyCode>SGD</GlobalCurrencyCode>
                              
                           <MonetaryAmount/>
                           
                        </FinancialAmount>
                           
                        <RegionalBusinessTaxIdentifier>
                              
                           <BusinessTaxIdentifier/>
                              
                           <regionName>
                                 
                              <FreeFormText/>
                              
                           </regionName>
                           
                        </RegionalBusinessTaxIdentifier>
                        
                     </RegionalTax>
                        
                     <TaxPhrase>
                           
                        <isTaxTriangulationApplicable>
                              
                           <AffirmationIndicator>Yes</AffirmationIndicator>
                           
                        </isTaxTriangulationApplicable>
                           
                        <taxPhrase>
                              
                           <FreeFormText/>
                           
                        </taxPhrase>
                        
                     </TaxPhrase>
                     
                  </TaxSummary>
                     
                  <unitPrice>
                        
                     <FinancialAmount>
                           
                        <GlobalCurrencyCode>USD</GlobalCurrencyCode>
                           
                        <MonetaryAmount>33.500</MonetaryAmount>
                        
                     </FinancialAmount>
                     
                  </unitPrice>
                  
               </ProductLineItem>
                  
               <purchaseOrderNumber>
                     
                  <ProprietaryDocumentIdentifier>2209734</ProprietaryDocumentIdentifier>
                  
               </purchaseOrderNumber>
               
            </PurchaseOrder>
               
            <secondaryIdentifier>
                  
               <ProprietaryShipmentTrackingIdentifier/>
               
            </secondaryIdentifier>
            
         </OrderStatus>
            
         <proprietaryInformation>
               
            <FreeFormText/>
            
         </proprietaryInformation>
            
         <shipTo>
               
            <PartnerTaxDescription>
                  
               <BusinessDescription>
                     
                  <businessName>
                        
                     <FreeFormText>Maxtor Peripherals (S) Pte Ltd </FreeFormText>
                     
                  </businessName>
                  
               </BusinessDescription>
                  
               <GlobalPartnerClassificationCode>Manufacturer</GlobalPartnerClassificationCode>
                  
               <PhysicalLocation>
                     
                  <PhysicalAddress>
                        
                     <addressLine1>
                           
                        <FreeFormText>190  Yishun Avenue 7 Singapore</FreeFormText>
                        
                     </addressLine1>
                        
                     <addressLine2>
                           
                        <FreeFormText/>
                        
                     </addressLine2>
                        
                     <addressLine3>
                           
                        <FreeFormText/>
                        
                     </addressLine3>
                        
                     <cityName>
                           
                        <FreeFormText/>
                        
                     </cityName>
                        
                     <GlobalCountryCode>SG</GlobalCountryCode>
                        
                     <NationalPostalCode>768925</NationalPostalCode>
                        
                     <postOfficeBoxIdentifier>
                           
                        <FreeFormText/>
                        
                     </postOfficeBoxIdentifier>
                        
                     <regionName>
                           
                        <FreeFormText/>
                        
                     </regionName>
                     
                  </PhysicalAddress>
                  
               </PhysicalLocation>
               
            </PartnerTaxDescription>
            
         </shipTo>
            
         <totalLineItemAmount>
               
            <FinancialAmount>
                  
               <GlobalCurrencyCode>USD</GlobalCurrencyCode>
                  
               <GlobalMonetaryAmountTypeCode>Debit</GlobalMonetaryAmountTypeCode>
                  
               <MonetaryAmount>42746.00</MonetaryAmount>
               
            </FinancialAmount>
            
         </totalLineItemAmount>
         
      </InvoiceLineItem>
         
      <isLockBoxUsed>
            
         <AffirmationIndicator>No</AffirmationIndicator>
         
      </isLockBoxUsed>
         
      <isRebill>
            
         <AffirmationIndicator>No</AffirmationIndicator>
         
      </isRebill>
         
      <preTaxAmount>
            
         <FinancialAmount>
               
            <GlobalCurrencyCode>USD</GlobalCurrencyCode>
               
            <GlobalMonetaryAmountTypeCode>Debit</GlobalMonetaryAmountTypeCode>
               
            <MonetaryAmount>42746.00</MonetaryAmount>
            
         </FinancialAmount>
         
      </preTaxAmount>
         
      <proprietaryInformation>
            
         <FreeFormText/>
         
      </proprietaryInformation>
         
      <soldToTax>
            
         <TaxSummary>
               
            <CurrencyConversion>
                  
               <conversionFactor>
                     
                  <CurrencyExchangeRate/>
                  
               </conversionFactor>
                  
               <conversionFactorDate>
                     
                  <DateStamp>Not Used</DateStamp>
                  
               </conversionFactorDate>
                  
               <conversionFactorSource>
                     
                  <ProprietaryReferenceIdentifier>Not Used</ProprietaryReferenceIdentifier>
                  
               </conversionFactorSource>
                  
               <fromCurrency>
                     
                  <GlobalCurrencyCode>USD</GlobalCurrencyCode>
                  
               </fromCurrency>
                  
               <toCurrency>
                     
                  <GlobalCurrencyCode>SGD</GlobalCurrencyCode>
                  
               </toCurrency>
               
            </CurrencyConversion>
               
            <FinancialAmount>
                  
               <GlobalCurrencyCode>SGD</GlobalCurrencyCode>
                  
               <MonetaryAmount/>
               
            </FinancialAmount>
            
         </TaxSummary>
         
      </soldToTax>
         
      <totalInvoiceAmount>
            
         <FinancialAmount>
               
            <GlobalCurrencyCode>USD</GlobalCurrencyCode>
               
            <GlobalMonetaryAmountTypeCode>Debit</GlobalMonetaryAmountTypeCode>
               
            <MonetaryAmount>42746.00</MonetaryAmount>
            
         </FinancialAmount>
         
      </totalInvoiceAmount>
      
   </Invoice>
      
   <thisDocumentGenerationDateTime>
         
      <DateTimeStamp>20050819T000000</DateTimeStamp>
      
   </thisDocumentGenerationDateTime>
      
   <thisDocumentIdentifier>
         
      <ProprietaryDocumentIdentifier>90199857</ProprietaryDocumentIdentifier>
      
   </thisDocumentIdentifier>
      
   <toRole>
         
      <PartnerRoleDescription>
            
         <ContactInformation>
               
            <contactName>
                  
               <FreeFormText>Finance Dept</FreeFormText>
               
            </contactName>
               
            <EmailAddress>Not Used</EmailAddress>
               
            <telephoneNumber>
                  
               <CommunicationsNumber>Not Used</CommunicationsNumber>
               
            </telephoneNumber>
            
         </ContactInformation>
            
         <GlobalPartnerRoleClassificationCode>Invoice Receiver</GlobalPartnerRoleClassificationCode>
            
         <PartnerDescription>
               
            <BusinessDescription>
                  
               <GlobalBusinessIdentifier>595165887</GlobalBusinessIdentifier>
                  
               <GlobalSupplyChainCode>Information Technology</GlobalSupplyChainCode>
               
            </BusinessDescription>
               
            <GlobalPartnerClassificationCode>Manufacturer</GlobalPartnerClassificationCode>
            
         </PartnerDescription>
         
      </PartnerRoleDescription>
      
   </toRole>
   
</Pip3C3InvoiceNotification>